{
  "train": {
    "accuracy": 0.9801620370370371,
    "classification_report": {
      "0": {
        "precision": 0.9533978271588146,
        "recall": 0.9497324029537294,
        "f1-score": 0.9515615852572098,
        "support": 59044.0
      },
      "1": {
        "precision": 0.9919182904457335,
        "recall": 0.9933794564533748,
        "f1-score": 0.9926483357452967,
        "support": 60418.0
      },
      "2": {
        "precision": 0.9997611003037439,
        "recall": 0.9996758066442575,
        "f1-score": 0.9997184516547364,
        "support": 58607.0
      },
      "3": {
        "precision": 0.9985717912911006,
        "recall": 0.999412353286851,
        "f1-score": 0.9989918954746426,
        "support": 62963.0
      },
      "4": {
        "precision": 0.9566370529467279,
        "recall": 0.9580400208577761,
        "f1-score": 0.9573380228941755,
        "support": 61368.0
      },
      "accuracy": 0.9801620370370371,
      "macro avg": {
        "precision": 0.9800572124292242,
        "recall": 0.9800480080391978,
        "f1-score": 0.9800516582052122,
        "support": 302400.0
      },
      "weighted avg": {
        "precision": 0.9801425851346338,
        "recall": 0.9801620370370371,
        "f1-score": 0.9801513729790173,
        "support": 302400.0
      }
    },
    "confusion_matrix_path": "models\\classifier\\lightgbm_confusion_matrix_train.csv"
  },
  "val": {
    "accuracy": 0.9374305555555555,
    "classification_report": {
      "0": {
        "precision": 0.8700410396716827,
        "recall": 0.8839062355230242,
        "f1-score": 0.8769188344516959,
        "support": 10793.0
      },
      "1": {
        "precision": 0.9390221571140817,
        "recall": 0.9545793000744601,
        "f1-score": 0.9467368226714669,
        "support": 10744.0
      },
      "2": {
        "precision": 0.9861493216962337,
        "recall": 0.983909133932797,
        "f1-score": 0.9850279541362645,
        "support": 10565.0
      },
      "3": {
        "precision": 0.9709090909090909,
        "recall": 0.970448798988622,
        "f1-score": 0.9706788903817276,
        "support": 12656.0
      },
      "4": {
        "precision": 0.9202204120747485,
        "recall": 0.8972901417224731,
        "f1-score": 0.9086106292382905,
        "support": 12842.0
      },
      "accuracy": 0.9374305555555555,
      "macro avg": {
        "precision": 0.9372684042931674,
        "recall": 0.9380267220482752,
        "f1-score": 0.9375946261758891,
        "support": 57600.0
      },
      "weighted avg": {
        "precision": 0.9375550445718793,
        "recall": 0.9374305555555555,
        "f1-score": 0.9374381158996233,
        "support": 57600.0
      }
    },
    "confusion_matrix_path": "models\\classifier\\lightgbm_confusion_matrix_val.csv"
  },
  "test": {
    "accuracy": 0.9480416666666667,
    "classification_report": {
      "0": {
        "precision": 0.9026716266486303,
        "recall": 0.8918738305265972,
        "f1-score": 0.897240243369525,
        "support": 14964.0
      },
      "1": {
        "precision": 0.9550570172169636,
        "recall": 0.9580560747663551,
        "f1-score": 0.9565541952821738,
        "support": 13375.0
      },
      "2": {
        "precision": 0.9900637291852258,
        "recall": 0.9885733835100924,
        "f1-score": 0.9893179950698439,
        "support": 14615.0
      },
      "3": {
        "precision": 0.9822605525171785,
        "recall": 0.9842619265088175,
        "f1-score": 0.9832602210914195,
        "support": 14233.0
      },
      "4": {
        "precision": 0.9129358227932811,
        "recall": 0.9209478161074731,
        "f1-score": 0.9169243177846484,
        "support": 14813.0
      },
      "accuracy": 0.9480416666666667,
      "macro avg": {
        "precision": 0.9485977496722559,
        "recall": 0.9487426062838671,
        "f1-score": 0.9486593945195221,
        "support": 72000.0
      },
      "weighted avg": {
        "precision": 0.9479872224375409,
        "recall": 0.9480416666666667,
        "f1-score": 0.9480033403856194,
        "support": 72000.0
      }
    },
    "confusion_matrix_path": "models\\classifier\\lightgbm_confusion_matrix_test.csv"
  }
}